"","Logit","Ctree","Rpart","Forest","max","Pred"
"1",0.0500372836178583,0.107692307692308,0.134211152534306,0.006,0.134211152534306,0
"2",0.16227856067415,0.195714285714286,0.134211152534306,0.01,0.195714285714286,0
"3",0.114632085423436,0.0559686888454012,0.134211152534306,0.006,0.134211152534306,0
"4",0.197357934627766,0.153846153846154,0.134211152534306,0.024,0.197357934627766,0
"5",0.114021828831286,0.0938697318007663,0.134211152534306,0.004,0.134211152534306,0
"6",0.261319126385372,0.178674351585014,0.134211152534306,0.032,0.261319126385372,1
"7",0.266279593490265,0.280701754385965,0.134211152534306,0.026,0.280701754385965,1
"8",0.115383873260189,0.0559686888454012,0.134211152534306,0.012,0.134211152534306,0
"9",0.720729050917097,0.662076271186441,0.687426556991774,0.892,0.892,1
"10",0.12788004413183,0.0559686888454012,0.134211152534306,0.006,0.134211152534306,0
"11",0.0673417276967555,0.0559686888454012,0.134211152534306,0.004,0.134211152534306,0
"12",0.102450446971219,0.107692307692308,0.134211152534306,0.01,0.134211152534306,0
"13",0.0891747010062559,0.107692307692308,0.134211152534306,0.004,0.134211152534306,0
"14",0.139368502075304,0.195714285714286,0.134211152534306,0.016,0.195714285714286,0
"15",0.148495396652074,0.178674351585014,0.134211152534306,0.014,0.178674351585014,0
"16",0.142690307661805,0.195714285714286,0.134211152534306,0.008,0.195714285714286,0
"17",0.260265876874802,0.195714285714286,0.134211152534306,0.006,0.260265876874802,1
"18",0.191237679684279,0.0938697318007663,0.134211152534306,0.004,0.191237679684279,0
"19",0.51383402325341,0.522202486678508,0.702290076335878,0.712,0.712,1
"20",0.409233647205074,0.662076271186441,0.687426556991774,0.96,0.96,1
"21",0.117970123604748,0.107692307692308,0.134211152534306,0.01,0.134211152534306,0
"22",0.3063507302222,0.178674351585014,0.134211152534306,0.026,0.3063507302222,1
"23",0.17889309126504,0.195714285714286,0.134211152534306,0.014,0.195714285714286,0
"24",0.315329505871608,0.178674351585014,0.134211152534306,0.036,0.315329505871608,1
"25",0.140399331986745,0.23644251626898,0.134211152534306,0.028,0.23644251626898,1
"26",0.105881739259864,0.0559686888454012,0.134211152534306,0.01,0.134211152534306,0
"27",0.135265019368503,0.153846153846154,0.134211152534306,0.034,0.153846153846154,0
"28",0.173103832460836,0.178674351585014,0.134211152534306,0.054,0.178674351585014,0
"29",0.139364551758067,0.153846153846154,0.134211152534306,0.016,0.153846153846154,0
"30",0.126415240243824,0.153846153846154,0.134211152534306,0.024,0.153846153846154,0
"31",0.178275296129914,0.195714285714286,0.134211152534306,0.004,0.195714285714286,0
"32",0.815745440674637,0.7872,0.277777777777778,0.858,0.858,1
"33",0.326121588202749,0.342507645259939,0.134211152534306,0.01,0.342507645259939,1
"34",0.149732501589259,0.104321907600596,0.134211152534306,0.038,0.149732501589259,0
"35",0.318951731321634,0.331597222222222,0.331597222222222,0.06,0.331597222222222,1
"36",0.27871664628314,0.331597222222222,0.331597222222222,0.158,0.331597222222222,1
"37",0.136532095480526,0.107692307692308,0.134211152534306,0.01,0.136532095480526,0
"38",0.205162585009804,0.331597222222222,0.331597222222222,0.086,0.331597222222222,1
"39",0.196287512495568,0.195714285714286,0.134211152534306,0.042,0.196287512495568,0
"40",0.53154530098145,0.662076271186441,0.687426556991774,0.686,0.687426556991774,1
"41",0.737411977071713,0.7872,0.806779661016949,0.98,0.98,1
"42",0.296735270512507,0.331597222222222,0.331597222222222,0.044,0.331597222222222,1
"43",0.0954179279939359,0.153846153846154,0.134211152534306,0.022,0.153846153846154,0
"44",0.159682359383708,0.178674351585014,0.134211152534306,0.02,0.178674351585014,0
"45",0.144376161599921,0.195714285714286,0.134211152534306,0.006,0.195714285714286,0
"46",0.11478517129691,0.0559686888454012,0.134211152534306,0.004,0.134211152534306,0
"47",0.137132194832282,0.153846153846154,0.134211152534306,0.014,0.153846153846154,0
"48",0.115484075119611,0.107692307692308,0.134211152534306,0.008,0.134211152534306,0
"49",0.115697601969187,0.23644251626898,0.134211152534306,0.018,0.23644251626898,1
"50",0.00564495920540095,0.0938697318007663,0.134211152534306,0.008,0.134211152534306,0
"51",0.150913008270068,0.0938697318007663,0.134211152534306,0.02,0.150913008270068,0
"52",0.213056473925261,0.195714285714286,0.134211152534306,0.004,0.213056473925261,0
"53",0.130675439350828,0.153846153846154,0.134211152534306,0.024,0.153846153846154,0
"54",0.208247618878828,0.0938697318007663,0.134211152534306,0.028,0.208247618878828,0
"55",0.186763956267087,0.195714285714286,0.134211152534306,0.008,0.195714285714286,0
"56",0.168209402949451,0.178674351585014,0.134211152534306,0.01,0.178674351585014,0
"57",0.152386303703953,0.195714285714286,0.134211152534306,0.006,0.195714285714286,0
"58",0.153836254480933,0.195714285714286,0.134211152534306,0.012,0.195714285714286,0
"59",0.0876122291871667,0.178674351585014,0.134211152534306,0.006,0.178674351585014,0
"60",0.115517785873807,0.153846153846154,0.134211152534306,0.014,0.153846153846154,0
"61",0.125676187744861,0.107692307692308,0.134211152534306,0.012,0.134211152534306,0
"62",0.141340413044292,0.195714285714286,0.134211152534306,0.02,0.195714285714286,0
"63",0.105543963973302,0.0559686888454012,0.134211152534306,0.006,0.134211152534306,0
"64",0.403144960430348,0.331597222222222,0.331597222222222,0.092,0.403144960430348,1
"65",0.0377948451843205,0.0938697318007663,0.134211152534306,0.004,0.134211152534306,0
"66",0.296316325016869,0.342507645259939,0.134211152534306,0.018,0.342507645259939,1
"67",0.120154684488911,0.104321907600596,0.134211152534306,0.036,0.134211152534306,0
"68",0.833972536935166,0.7872,0.806779661016949,0.998,0.998,1
"69",0.134682577002872,0.107692307692308,0.134211152534306,0.004,0.134682577002872,0
"70",0.573399584710223,0.662076271186441,0.687426556991774,0.936,0.936,1
"71",0.652337931963712,0.662076271186441,0.687426556991774,0.918,0.918,1
"72",0.135648262475755,0.104321907600596,0.134211152534306,0.032,0.135648262475755,0
"73",0.174369431173427,0.195714285714286,0.134211152534306,0.016,0.195714285714286,0
"74",0.116422411129116,0.107692307692308,0.134211152534306,0.01,0.134211152534306,0
"75",0.645769725683282,0.662076271186441,0.687426556991774,0.982,0.982,1
"76",0.11490547765116,0.0938697318007663,0.134211152534306,0.006,0.134211152534306,0
"77",0.296187510755833,0.331597222222222,0.331597222222222,0.264,0.331597222222222,1
"78",0.783632109516971,0.7872,0.666666666666667,0.872,0.872,1
"79",0.136610107104334,0.178674351585014,0.134211152534306,0.044,0.178674351585014,0
"80",0.788445272388221,0.7872,0.806779661016949,0.986,0.986,1
"81",0.168015631958818,0.178674351585014,0.134211152534306,0.02,0.178674351585014,0
"82",0.251155861234001,0.178674351585014,0.134211152534306,0.02,0.251155861234001,1
"83",0.161145142554526,0.153846153846154,0.134211152534306,0.038,0.161145142554526,0
"84",0.816869845701011,0.7872,0.806779661016949,0.994,0.994,1
"85",0.123880103148145,0.0559686888454012,0.134211152534306,0.01,0.134211152534306,0
"86",0.209395993006498,0.153846153846154,0.134211152534306,0.018,0.209395993006498,0
"87",0.201260313737229,0.178674351585014,0.134211152534306,0.018,0.201260313737229,0
"88",0.129402433055798,0.0485436893203883,0.134211152534306,0.032,0.134211152534306,0
"89",0.205658607822438,0.0938697318007663,0.134211152534306,0.008,0.205658607822438,0
"90",0.133166816783246,0.195714285714286,0.134211152534306,0.022,0.195714285714286,0
"91",0.140273663269226,0.107692307692308,0.134211152534306,0.006,0.140273663269226,0
"92",0.352345131942592,0.342507645259939,0.134211152534306,0.01,0.352345131942592,1
"93",0.191188308749791,0.280701754385965,0.134211152534306,0.02,0.280701754385965,1
"94",0.637045003018573,0.7872,0.806779661016949,0.84,0.84,1
"95",0.114295260768929,0.104321907600596,0.134211152534306,0.034,0.134211152534306,0
"96",0.136129553485417,0.153846153846154,0.134211152534306,0.024,0.153846153846154,0
"97",0.151496332711437,0.23644251626898,0.134211152534306,0.026,0.23644251626898,1
"98",0.138082207383928,0.107692307692308,0.134211152534306,0.01,0.138082207383928,0
"99",0.189193784905021,0.178674351585014,0.134211152534306,0.016,0.189193784905021,0
"100",0.750234759434039,0.7872,0.687426556991774,0.984,0.984,1
"101",0.179928081107546,0.280701754385965,0.134211152534306,0.016,0.280701754385965,1
"102",0.252000309772683,0.0938697318007663,0.134211152534306,0.02,0.252000309772683,1
"103",0.275955937275764,0.331597222222222,0.331597222222222,0.046,0.331597222222222,1
"104",0.139228062513888,0.0938697318007663,0.134211152534306,0.028,0.139228062513888,0
"105",0.128652084754703,0.0485436893203883,0.134211152534306,0.022,0.134211152534306,0
"106",0.0758302370752144,0.0559686888454012,0.134211152534306,0.008,0.134211152534306,0
"107",0.261512574219736,0.280701754385965,0.134211152534306,0.018,0.280701754385965,1
"108",0.150684265673452,0.23644251626898,0.134211152534306,0.03,0.23644251626898,1
"109",0.857515783036165,0.7872,0.806779661016949,0.978,0.978,1
"110",0.094462517159393,0.0559686888454012,0.134211152534306,0.008,0.134211152534306,0
"111",0.792840948656598,0.662076271186441,0.806779661016949,0.99,0.99,1
"112",0.178588365234926,0.178674351585014,0.134211152534306,0.016,0.178674351585014,0
"113",0.1300424919234,0.178674351585014,0.134211152534306,0.012,0.178674351585014,0
"114",0.190104545441301,0.178674351585014,0.134211152534306,0.02,0.190104545441301,0
"115",0.0722035985873393,0.0938697318007663,0.134211152534306,0.01,0.134211152534306,0
"116",0.256977372689167,0.331597222222222,0.331597222222222,0.082,0.331597222222222,1
"117",0.130319844656338,0.0938697318007663,0.134211152534306,0.008,0.134211152534306,0
"118",0.0724173623448147,0.0559686888454012,0.134211152534306,0.004,0.134211152534306,0
"119",0.0861609236348186,0.0559686888454012,0.134211152534306,0.008,0.134211152534306,0
"120",0.137990291181599,0.238095238095238,0.134211152534306,0.04,0.238095238095238,1
"121",0.104847525247057,0.0559686888454012,0.134211152534306,0.004,0.134211152534306,0
"122",0.930708200477981,0.7872,0.687426556991774,0.976,0.976,1
"123",0.309231263614761,0.342507645259939,0.134211152534306,0.01,0.342507645259939,1
"124",0.358106194913635,0.331597222222222,0.331597222222222,0.17,0.358106194913635,1
"125",0.730280509705001,0.662076271186441,0.806779661016949,0.936,0.936,1
"126",0.123435956870675,0.0559686888454012,0.134211152534306,0.012,0.134211152534306,0
"127",0.260188327010395,0.178674351585014,0.134211152534306,0.098,0.260188327010395,1
"128",0.0584769474886956,0.0485436893203883,0.134211152534306,0.03,0.134211152534306,0
"129",0.138673867267297,0.178674351585014,0.134211152534306,0.008,0.178674351585014,0
"130",0.113384432447473,0.331597222222222,0.331597222222222,0.05,0.331597222222222,1
"131",0.151891859729494,0.0938697318007663,0.134211152534306,0.018,0.151891859729494,0
"132",0.145905847580681,0.153846153846154,0.134211152534306,0.038,0.153846153846154,0
"133",0.624530782874957,0.662076271186441,0.687426556991774,0.948,0.948,1
"134",0.100138529901337,0.0559686888454012,0.134211152534306,0.008,0.134211152534306,0
"135",0.817950359788422,0.7872,0.806779661016949,0.998,0.998,1
"136",0.114068482673782,0.195714285714286,0.134211152534306,0.004,0.195714285714286,0
"137",0.0763364199179679,0.0559686888454012,0.134211152534306,0.004,0.134211152534306,0
"138",0.116520581106108,0.0559686888454012,0.134211152534306,0.016,0.134211152534306,0
"139",0.86089498126415,0.7872,0.806779661016949,0.988,0.988,1
"140",0.299935656051783,0.331597222222222,0.331597222222222,0.098,0.331597222222222,1
"141",0.119556216326983,0.0559686888454012,0.134211152534306,0.01,0.134211152534306,0
"142",0.107875748593143,0.104321907600596,0.134211152534306,0.026,0.134211152534306,0
"143",0.174131709515257,0.178674351585014,0.134211152534306,0.028,0.178674351585014,0
"144",0.0799721182288008,0.23644251626898,0.134211152534306,0.022,0.23644251626898,1
"145",0.128987938092295,0.0938697318007663,0.134211152534306,0.004,0.134211152534306,0
"146",0.111503574849811,0.0938697318007663,0.134211152534306,0.012,0.134211152534306,0
"147",0.196359799994873,0.0938697318007663,0.134211152534306,0.004,0.196359799994873,0
"148",0.164195657625303,0.238095238095238,0.134211152534306,0.048,0.238095238095238,1
"149",0.289883649362703,0.178674351585014,0.134211152534306,0.012,0.289883649362703,1
"150",0.588646724248879,0.7872,0.666666666666667,0.892,0.892,1
"151",0.118754460326398,0.0938697318007663,0.134211152534306,0.02,0.134211152534306,0
"152",0.193714670797453,0.23644251626898,0.134211152534306,0.01,0.23644251626898,1
"153",0.0601472206532948,0.107692307692308,0.134211152534306,0.004,0.134211152534306,0
"154",0.156196656230619,0.178674351585014,0.134211152534306,0.01,0.178674351585014,0
"155",0.104886993641087,0.0559686888454012,0.134211152534306,0.01,0.134211152534306,0
"156",0.301288823561188,0.178674351585014,0.134211152534306,0.012,0.301288823561188,1
"157",0.635657840729334,0.522202486678508,0.587155963302752,0.79,0.79,1
"158",0.131428337130046,0.195714285714286,0.134211152534306,0.01,0.195714285714286,0
"159",0.197715549941545,0.178674351585014,0.134211152534306,0.018,0.197715549941545,0
"160",0.153866130944116,0.153846153846154,0.134211152534306,0.054,0.153866130944116,0
"161",0.18805850985784,0.23644251626898,0.134211152534306,0.01,0.23644251626898,1
"162",0.123169574645777,0.153846153846154,0.134211152534306,0.032,0.153846153846154,0
"163",0.142720054112409,0.0938697318007663,0.134211152534306,0.006,0.142720054112409,0
"164",0.144878925603431,0.153846153846154,0.134211152534306,0.024,0.153846153846154,0
"165",0.589657558853148,0.662076271186441,0.687426556991774,0.87,0.87,1
"166",0.0576274362333233,0.153846153846154,0.134211152534306,0.022,0.153846153846154,0
"167",0.513142447891762,0.522202486678508,0.702290076335878,0.758,0.758,1
"168",0.49782877339717,0.522202486678508,0.702290076335878,0.812,0.812,1
"169",0.108230304814998,0.23644251626898,0.134211152534306,0.016,0.23644251626898,1
"170",0.107605712823323,0.0559686888454012,0.134211152534306,0.01,0.134211152534306,0
"171",0.153704395658462,0.153846153846154,0.134211152534306,0.028,0.153846153846154,0
"172",0.283944464386067,0.178674351585014,0.134211152534306,0.016,0.283944464386067,1
"173",0.138322462954973,0.153846153846154,0.134211152534306,0.03,0.153846153846154,0
"174",0.126715051657396,0.107692307692308,0.134211152534306,0.006,0.134211152534306,0
"175",0.1300553389396,0.195714285714286,0.134211152534306,0.018,0.195714285714286,0
"176",0.204552465063003,0.0938697318007663,0.134211152534306,0.006,0.204552465063003,0
"177",0.116467849900796,0.153846153846154,0.134211152534306,0.024,0.153846153846154,0
"178",0.477326665523269,0.662076271186441,0.666666666666667,0.804,0.804,1
"179",0.119397316746695,0.153846153846154,0.134211152534306,0.02,0.153846153846154,0
"180",0.187873423518388,0.195714285714286,0.134211152534306,0.084,0.195714285714286,0
"181",0.149917749366227,0.0559686888454012,0.134211152534306,0.004,0.149917749366227,0
"182",0.123605944678703,0.107692307692308,0.134211152534306,0.008,0.134211152534306,0
"183",0.354781224438442,0.342507645259939,0.134211152534306,0.012,0.354781224438442,1
"184",0.111878165385624,0.0938697318007663,0.134211152534306,0.004,0.134211152534306,0
"185",0.13155224477297,0.107692307692308,0.134211152534306,0.008,0.134211152534306,0
"186",0.766014071371311,0.7872,0.806779661016949,0.982,0.982,1
"187",0.145184490852326,0.107692307692308,0.134211152534306,0.008,0.145184490852326,0
"188",0.405289379435333,0.522202486678508,0.587155963302752,0.582,0.587155963302752,1
"189",0.268208499175987,0.331597222222222,0.331597222222222,0.086,0.331597222222222,1
"190",0.233769057179026,0.178674351585014,0.134211152534306,0.018,0.233769057179026,1
"191",0.2467338671358,0.331597222222222,0.331597222222222,0.096,0.331597222222222,1
"192",0.106176044393375,0.0938697318007663,0.134211152534306,0.006,0.134211152534306,0
"193",0.152465396251525,0.153846153846154,0.134211152534306,0.02,0.153846153846154,0
"194",0.0659681401270769,0.0938697318007663,0.134211152534306,0.004,0.134211152534306,0
"195",0.180108727604976,0.195714285714286,0.134211152534306,0.002,0.195714285714286,0
"196",0.128377490744731,0.107692307692308,0.134211152534306,0.008,0.134211152534306,0
"197",0.215733635031743,0.280701754385965,0.134211152534306,0.028,0.280701754385965,1
"198",0.104011845063165,0.107692307692308,0.134211152534306,0.01,0.134211152534306,0
"199",0.15302928790603,0.195714285714286,0.134211152534306,0.008,0.195714285714286,0
"200",0.575630113575009,0.522202486678508,0.3,0.752,0.752,1
"201",0.736790089696158,0.662076271186441,0.687426556991774,0.796,0.796,1
"202",0.673403564647579,0.662076271186441,0.687426556991774,0.938,0.938,1
"203",0.12121896316748,0.153846153846154,0.134211152534306,0.018,0.153846153846154,0
"204",0.159264970247564,0.195714285714286,0.134211152534306,0.006,0.195714285714286,0
"205",0.238866457109867,0.23644251626898,0.134211152534306,0.018,0.238866457109867,1
"206",0.118902582858351,0.104321907600596,0.134211152534306,0.032,0.134211152534306,0
"207",0.075178692618266,0.0938697318007663,0.134211152534306,0.008,0.134211152534306,0
"208",0.13402996189018,0.104321907600596,0.134211152534306,0.034,0.134211152534306,0
"209",0.386101345400434,0.342507645259939,0.134211152534306,0.028,0.386101345400434,1
"210",0.136458403138287,0.104321907600596,0.134211152534306,0.036,0.136458403138287,0
"211",0.145576956339315,0.153846153846154,0.134211152534306,0.036,0.153846153846154,0
"212",0.677757228268281,0.662076271186441,0.851851851851852,0.94,0.94,1
"213",0.0964500918078251,0.0559686888454012,0.134211152534306,0.008,0.134211152534306,0
"214",0.143709029330993,0.0938697318007663,0.134211152534306,0.004,0.143709029330993,0
"215",0.13566811212846,0.0938697318007663,0.134211152534306,0.008,0.13566811212846,0
"216",0.151626114194776,0.195714285714286,0.134211152534306,0.028,0.195714285714286,0
"217",0.0717549097767789,0.107692307692308,0.134211152534306,0.004,0.134211152534306,0
"218",0.0620019126324867,0.0559686888454012,0.134211152534306,0.004,0.134211152534306,0
"219",0.141833406919426,0.153846153846154,0.134211152534306,0.012,0.153846153846154,0
"220",0.126323419070328,0.0559686888454012,0.134211152534306,0.014,0.134211152534306,0
"221",0.263651594975043,0.331597222222222,0.331597222222222,0.068,0.331597222222222,1
"222",0.122979878547549,0.0559686888454012,0.134211152534306,0.006,0.134211152534306,0
"223",0.574470342956447,0.454545454545455,0.363636363636364,0.482,0.574470342956447,1
"224",0.173018501609888,0.195714285714286,0.134211152534306,0.108,0.195714285714286,0
"225",0.112131806665651,0.0559686888454012,0.134211152534306,0.002,0.134211152534306,0
"226",0.101889360719116,0.0938697318007663,0.134211152534306,0.004,0.134211152534306,0
"227",0.684596248811141,0.662076271186441,0.687426556991774,0.962,0.962,1
"228",0.594989021217517,0.662076271186441,0.687426556991774,0.966,0.966,1
"229",0.110034697090412,0.178674351585014,0.134211152534306,0.016,0.178674351585014,0
"230",0.0454396645826681,0.0559686888454012,0.134211152534306,0.004,0.134211152534306,0
"231",0.0627840924610165,0.107692307692308,0.134211152534306,0.014,0.134211152534306,0
"232",0.861432834470577,0.7872,0.687426556991774,0.986,0.986,1
"233",0.296172482303688,0.342507645259939,0.134211152534306,0.01,0.342507645259939,1
"234",0.124197038016192,0.107692307692308,0.134211152534306,0.006,0.134211152534306,0
"235",0.115141940497981,0.107692307692308,0.134211152534306,0.01,0.134211152534306,0
"236",0.119906438481741,0.153846153846154,0.134211152534306,0.012,0.153846153846154,0
"237",0.124924323224812,0.107692307692308,0.134211152534306,0.01,0.134211152534306,0
"238",0.093830313984499,0.195714285714286,0.134211152534306,0.008,0.195714285714286,0
"239",0.200310993550517,0.331597222222222,0.331597222222222,0.1,0.331597222222222,1
"240",0.253990558431094,0.178674351585014,0.134211152534306,0.058,0.253990558431094,1
"241",0.0786309495814864,0.0938697318007663,0.134211152534306,0.006,0.134211152534306,0
"242",0.165960012761019,0.0485436893203883,0.134211152534306,0.032,0.165960012761019,0
"243",0.726671621646489,0.7872,0.687426556991774,0.984,0.984,1
"244",0.314055956896337,0.342507645259939,0.134211152534306,0.012,0.342507645259939,1
"245",0.683176515665623,0.522202486678508,0.3,0.716,0.716,1
"246",0.147029249104659,0.195714285714286,0.134211152534306,0.006,0.195714285714286,0
"247",0.789917609116956,0.7872,0.277777777777778,0.718,0.789917609116956,1
"248",0.150935233938944,0.195714285714286,0.134211152534306,0.002,0.195714285714286,0
"249",0.167139934805934,0.178674351585014,0.134211152534306,0.022,0.178674351585014,0
"250",0.118318584497505,0.0559686888454012,0.134211152534306,0.006,0.134211152534306,0
"251",0.92736814246576,0.7872,0.687426556991774,0.98,0.98,1
"252",0.779493058678274,0.662076271186441,0.806779661016949,0.838,0.838,1
"253",0.10570312053825,0.0559686888454012,0.134211152534306,0.01,0.134211152534306,0
"254",0.252891481334469,0.331597222222222,0.331597222222222,0.066,0.331597222222222,1
"255",0.0523379614173787,0.0938697318007663,0.134211152534306,0.004,0.134211152534306,0
"256",0.255337224835002,0.178674351585014,0.134211152534306,0.01,0.255337224835002,1
"257",0.187468584895272,0.280701754385965,0.134211152534306,0.038,0.280701754385965,1
"258",0.210438259712078,0.178674351585014,0.134211152534306,0.01,0.210438259712078,0
"259",0.574068905880235,0.662076271186441,0.687426556991774,0.946,0.946,1
"260",0.0959400209367045,0.107692307692308,0.134211152534306,0.01,0.134211152534306,0
"261",0.195239238468552,0.0938697318007663,0.134211152534306,0.006,0.195239238468552,0
"262",0.0722657178906101,0.107692307692308,0.134211152534306,0.004,0.134211152534306,0
"263",0.1263859340957,0.0559686888454012,0.134211152534306,0.01,0.134211152534306,0
"264",0.104437905110561,0.0938697318007663,0.134211152534306,0.006,0.134211152534306,0
"265",0.226430785621081,0.153846153846154,0.134211152534306,0.024,0.226430785621081,0
"266",0.670975029976405,0.662076271186441,0.1875,0.856,0.856,1
"267",0.175240250470446,0.178674351585014,0.134211152534306,0.024,0.178674351585014,0
"268",0.143352635019858,0.107692307692308,0.134211152534306,0.008,0.143352635019858,0
"269",0.208671676816564,0.280701754385965,0.134211152534306,0.014,0.280701754385965,1
"270",0.121311113263032,0.0559686888454012,0.134211152534306,0.01,0.134211152534306,0
"271",0.108319295657467,0.0559686888454012,0.134211152534306,0.004,0.134211152534306,0
"272",0.153671787714899,0.195714285714286,0.134211152534306,0.012,0.195714285714286,0
"273",0.140690979417063,0.0938697318007663,0.134211152534306,0.018,0.140690979417063,0
"274",0.166472061279668,0.195714285714286,0.134211152534306,0.01,0.195714285714286,0
"275",0.152684316504409,0.195714285714286,0.134211152534306,0.01,0.195714285714286,0
"276",0.425410670410478,0.522202486678508,0.587155963302752,0.678,0.678,1
"277",0.0657677261319033,0.0559686888454012,0.134211152534306,0.006,0.134211152534306,0
"278",0.0862952772022292,0.153846153846154,0.134211152534306,0.032,0.153846153846154,0
"279",0.0682598191534151,0.0559686888454012,0.134211152534306,0.004,0.134211152534306,0
"280",0.274514829656445,0.331597222222222,0.331597222222222,0.034,0.331597222222222,1
"281",0.294862862667977,0.178674351585014,0.134211152534306,0.016,0.294862862667977,1
"282",0.111576752590316,0.107692307692308,0.134211152534306,0.01,0.134211152534306,0
"283",0.129247931617528,0.153846153846154,0.134211152534306,0.024,0.153846153846154,0
"284",0.115401819776571,0.107692307692308,0.134211152534306,0.014,0.134211152534306,0
"285",0.194031380754687,0.195714285714286,0.134211152534306,0.01,0.195714285714286,0
"286",0.263720391958875,0.342507645259939,0.134211152534306,0.01,0.342507645259939,1
"287",0.106453995362102,0.107692307692308,0.134211152534306,0.01,0.134211152534306,0
"288",0.581429819308316,0.662076271186441,0.687426556991774,0.882,0.882,1
"289",0.34866454282348,0.331597222222222,0.331597222222222,0.05,0.34866454282348,1
"290",0.0948007003529126,0.107692307692308,0.134211152534306,0.012,0.134211152534306,0
"291",0.549690893567935,0.662076271186441,0.687426556991774,0.954,0.954,1
"292",0.150359136316465,0.0938697318007663,0.134211152534306,0.012,0.150359136316465,0
"293",0.139721378048625,0.107692307692308,0.134211152534306,0.01,0.139721378048625,0
"294",0.0980361687030156,0.153846153846154,0.134211152534306,0.024,0.153846153846154,0
"295",0.0768283044784079,0.0559686888454012,0.134211152534306,0.004,0.134211152534306,0
"296",0.163457494916448,0.153846153846154,0.134211152534306,0.022,0.163457494916448,0
"297",0.203817593628463,0.0938697318007663,0.134211152534306,0.014,0.203817593628463,0
"298",0.123408726562213,0.107692307692308,0.134211152534306,0.006,0.134211152534306,0
"299",0.135048482251438,0.0938697318007663,0.134211152534306,0.004,0.135048482251438,0
"300",0.113095733808988,0.0559686888454012,0.134211152534306,0.014,0.134211152534306,0
"301",0.0637529439771173,0.0938697318007663,0.134211152534306,0.004,0.134211152534306,0
"302",0.112224795783088,0.0559686888454012,0.134211152534306,0.008,0.134211152534306,0
"303",0.128477613649241,0.0938697318007663,0.134211152534306,0.012,0.134211152534306,0
"304",0.684446174826621,0.7872,0.687426556991774,0.958,0.958,1
"305",0.109242240188277,0.0559686888454012,0.134211152534306,0.004,0.134211152534306,0
"306",0.11495980326466,0.0938697318007663,0.134211152534306,0.004,0.134211152534306,0
"307",0.130222757033577,0.153846153846154,0.134211152534306,0.012,0.153846153846154,0
"308",0.160974381154455,0.280701754385965,0.134211152534306,0.024,0.280701754385965,1
"309",0.158412238349792,0.23644251626898,0.134211152534306,0.012,0.23644251626898,1
"310",0.156109898194714,0.331597222222222,0.331597222222222,0.054,0.331597222222222,1
"311",0.166360010625616,0.195714285714286,0.134211152534306,0.008,0.195714285714286,0
"312",0.332045335711346,0.342507645259939,0.134211152534306,0.01,0.342507645259939,1
"313",0.591682127652779,0.522202486678508,0.587155963302752,0.742,0.742,1
"314",0.202329483085556,0.331597222222222,0.331597222222222,0.104,0.331597222222222,1
"315",0.480016071543524,0.331597222222222,0.331597222222222,0.254,0.480016071543524,1
"316",0.127222557132518,0.0559686888454012,0.134211152534306,0.006,0.134211152534306,0
"317",0.461236943460302,0.522202486678508,0.587155963302752,0.666,0.666,1
"318",0.0935803337586912,0.0559686888454012,0.134211152534306,0.01,0.134211152534306,0
"319",0.127929080752714,0.0559686888454012,0.134211152534306,0.014,0.134211152534306,0
"320",0.177064514436125,0.107692307692308,0.134211152534306,0.012,0.177064514436125,0
"321",0.160804800310101,0.195714285714286,0.134211152534306,0.006,0.195714285714286,0
"322",0.153268047898703,0.195714285714286,0.134211152534306,0.004,0.195714285714286,0
"323",0.174364369716975,0.0938697318007663,0.134211152534306,0.014,0.174364369716975,0
"324",0.302289993838453,0.195714285714286,0.134211152534306,0.01,0.302289993838453,1
"325",0.123746631157792,0.153846153846154,0.134211152534306,0.026,0.153846153846154,0
"326",0.104570990253496,0.0559686888454012,0.134211152534306,0.006,0.134211152534306,0
"327",0.126855660253426,0.0938697318007663,0.134211152534306,0.02,0.134211152534306,0
"328",0.180554295418127,0.195714285714286,0.134211152534306,0.014,0.195714285714286,0
"329",0.153727405769026,0.0938697318007663,0.134211152534306,0.034,0.153727405769026,0
"330",0.176408210235557,0.0938697318007663,0.134211152534306,0.016,0.176408210235557,0
"331",0.180607952911367,0.0938697318007663,0.134211152534306,0.016,0.180607952911367,0
"332",0.107589860508438,0.0559686888454012,0.134211152534306,0.01,0.134211152534306,0
"333",0.139021048097581,0.153846153846154,0.134211152534306,0.02,0.153846153846154,0
"334",0.105014401833152,0.0559686888454012,0.134211152534306,0.01,0.134211152534306,0
"335",0.11449061050647,0.0938697318007663,0.134211152534306,0.018,0.134211152534306,0
"336",0.202013444332464,0.0485436893203883,0.134211152534306,0.026,0.202013444332464,0
"337",0.151835445921267,0.280701754385965,0.134211152534306,0.014,0.280701754385965,1
"338",0.173030291626109,0.178674351585014,0.134211152534306,0.018,0.178674351585014,0
"339",0.0967291921333333,0.0938697318007663,0.134211152534306,0.016,0.134211152534306,0
"340",0.440890814368145,0.522202486678508,0.587155963302752,0.502,0.587155963302752,1
"341",0.122661766815584,0.0559686888454012,0.134211152534306,0.012,0.134211152534306,0
"342",0.0879970142049783,0.107692307692308,0.134211152534306,0.006,0.134211152534306,0
"343",0.121750048747008,0.107692307692308,0.134211152534306,0.004,0.134211152534306,0
"344",0.125497092524007,0.153846153846154,0.134211152534306,0.034,0.153846153846154,0
"345",0.113732121416393,0.104321907600596,0.134211152534306,0.014,0.134211152534306,0
"346",0.606743431612023,0.662076271186441,0.687426556991774,0.972,0.972,1
"347",0.228130305490368,0.178674351585014,0.134211152534306,0.014,0.228130305490368,0
"348",0.152403004971675,0.195714285714286,0.134211152534306,0.004,0.195714285714286,0
"349",0.29524572572716,0.331597222222222,0.331597222222222,0.056,0.331597222222222,1
"350",0.113013115113193,0.104321907600596,0.134211152534306,0.014,0.134211152534306,0
"351",0.24370224186778,0.342507645259939,0.134211152534306,0.016,0.342507645259939,1
"352",0.760387902357926,0.7872,0.806779661016949,0.916,0.916,1
"353",0.171695957585906,0.178674351585014,0.134211152534306,0.012,0.178674351585014,0
"354",0.0437168632198097,0.0938697318007663,0.134211152534306,0.004,0.134211152534306,0
"355",0.323216545766268,0.178674351585014,0.134211152534306,0.044,0.323216545766268,1
"356",0.853404205037051,0.7872,0.806779661016949,0.992,0.992,1
"357",0.139304369355,0.153846153846154,0.134211152534306,0.02,0.153846153846154,0
"358",0.660774897285335,0.662076271186441,0.687426556991774,0.972,0.972,1
"359",0.158564049817634,0.0559686888454012,0.134211152534306,0.014,0.158564049817634,0
"360",0.159312008347014,0.0938697318007663,0.134211152534306,0.016,0.159312008347014,0
"361",0.854411541567281,0.7872,0.806779661016949,0.998,0.998,1
"362",0.125977116031022,0.153846153846154,0.134211152534306,0.018,0.153846153846154,0
"363",0.110153676870672,0.0559686888454012,0.134211152534306,0.01,0.134211152534306,0
"364",0.181654784685366,0.23644251626898,0.134211152534306,0.03,0.23644251626898,1
"365",0.358828821507956,0.522202486678508,0.657894736842105,0.606,0.657894736842105,1
"366",0.395002066621679,0.342507645259939,0.134211152534306,0.01,0.395002066621679,1
"367",0.103694984982259,0.0559686888454012,0.134211152534306,0.01,0.134211152534306,0
"368",0.123203703118902,0.153846153846154,0.134211152534306,0.024,0.153846153846154,0
"369",0.149467932992421,0.23644251626898,0.134211152534306,0.018,0.23644251626898,1
"370",0.13611853425885,0.195714285714286,0.134211152534306,0.012,0.195714285714286,0
"371",0.14403495233041,0.178674351585014,0.134211152534306,0.014,0.178674351585014,0
"372",0.368590820637689,0.522202486678508,0.587155963302752,0.4,0.587155963302752,1
"373",0.198788247119233,0.153846153846154,0.134211152534306,0.012,0.198788247119233,0
"374",0.14270209654529,0.0938697318007663,0.134211152534306,0.01,0.14270209654529,0
"375",0.149141302980842,0.0559686888454012,0.134211152534306,0.016,0.149141302980842,0
"376",0.113094567430041,0.107692307692308,0.134211152534306,0.01,0.134211152534306,0
"377",0.0995385422772966,0.0559686888454012,0.134211152534306,0.006,0.134211152534306,0
"378",0.18366584115607,0.195714285714286,0.134211152534306,0.022,0.195714285714286,0
"379",0.119263211136836,0.0559686888454012,0.134211152534306,0.01,0.134211152534306,0
"380",0.0876912975457264,0.0559686888454012,0.134211152534306,0.006,0.134211152534306,0
"381",0.298549574711345,0.178674351585014,0.134211152534306,0.02,0.298549574711345,1
"382",0.197867222189199,0.0938697318007663,0.134211152534306,0.008,0.197867222189199,0
"383",0.652003311567799,0.7872,0.687426556991774,0.982,0.982,1
"384",0.724571286413642,0.7872,0.687426556991774,0.954,0.954,1
"385",0.108975129744642,0.0938697318007663,0.134211152534306,0.004,0.134211152534306,0
"386",0.0946029288752857,0.0559686888454012,0.134211152534306,0.006,0.134211152534306,0
"387",0.108683932736388,0.107692307692308,0.134211152534306,0.01,0.134211152534306,0
"388",0.0305822653626999,0.0559686888454012,0.134211152534306,0.01,0.134211152534306,0
"389",0.155892508517282,0.0938697318007663,0.134211152534306,0.008,0.155892508517282,0
"390",0.134776227000881,0.153846153846154,0.134211152534306,0.022,0.153846153846154,0
"391",0.643071482742656,0.662076271186441,0.687426556991774,0.98,0.98,1
"392",0.281967505056267,0.178674351585014,0.134211152534306,0.012,0.281967505056267,1
"393",0.622473681911095,0.522202486678508,0.587155963302752,0.718,0.718,1
"394",0.825972398980247,0.7872,0.806779661016949,0.998,0.998,1
"395",0.1186861373444,0.0559686888454012,0.134211152534306,0.01,0.134211152534306,0
"396",0.0921586610419047,0.107692307692308,0.134211152534306,0.004,0.134211152534306,0
"397",0.192193022057964,0.23644251626898,0.134211152534306,0.03,0.23644251626898,1
"398",0.164905804232094,0.153846153846154,0.134211152534306,0.014,0.164905804232094,0
"399",0.0294902096707425,0.0559686888454012,0.134211152534306,0.008,0.134211152534306,0
"400",0.098232836203188,0.107692307692308,0.134211152534306,0.004,0.134211152534306,0
"401",0.0333958095338652,0.0559686888454012,0.134211152534306,0.006,0.134211152534306,0
"402",0.0903260894456243,0.0559686888454012,0.134211152534306,0.004,0.134211152534306,0
"403",0.160317324636644,0.104321907600596,0.134211152534306,0.04,0.160317324636644,0
"404",0.0922618725939125,0.0559686888454012,0.134211152534306,0.01,0.134211152534306,0
"405",0.0312715875293716,0.0938697318007663,0.134211152534306,0.008,0.134211152534306,0
"406",0.160468435127984,0.0938697318007663,0.134211152534306,0.032,0.160468435127984,0
"407",0.486636038490512,0.522202486678508,0.702290076335878,0.69,0.702290076335878,1
"408",0.164503393830301,0.23644251626898,0.134211152534306,0.012,0.23644251626898,1
"409",0.111795058091943,0.0938697318007663,0.134211152534306,0.004,0.134211152534306,0
"410",0.621750068280687,0.522202486678508,0.587155963302752,0.784,0.784,1
"411",0.149752084783028,0.195714285714286,0.134211152534306,0.006,0.195714285714286,0
"412",0.451497597342813,0.522202486678508,0.587155963302752,0.67,0.67,1
"413",0.138655321620745,0.153846153846154,0.134211152534306,0.016,0.153846153846154,0
"414",0.0846749761924546,0.0559686888454012,0.134211152534306,0.004,0.134211152534306,0
"415",0.180801425032639,0.178674351585014,0.134211152534306,0.01,0.180801425032639,0
"416",0.283114312953927,0.23644251626898,0.134211152534306,0.016,0.283114312953927,1
"417",0.0787003686045304,0.0938697318007663,0.134211152534306,0.004,0.134211152534306,0
"418",0.197795427802951,0.23644251626898,0.134211152534306,0.026,0.23644251626898,1
"419",0.100977583781361,0.104321907600596,0.134211152534306,0.032,0.134211152534306,0
"420",0.1276136940014,0.107692307692308,0.134211152534306,0.012,0.134211152534306,0
"421",0.65867891315443,0.662076271186441,0.687426556991774,0.962,0.962,1
"422",0.398203918641934,0.662076271186441,0.687426556991774,0.692,0.692,1
"423",0.0825768292819572,0.0559686888454012,0.134211152534306,0.004,0.134211152534306,0
"424",0.408723792645984,0.522202486678508,0.702290076335878,0.69,0.702290076335878,1
"425",0.106169748543967,0.0559686888454012,0.134211152534306,0.016,0.134211152534306,0
"426",0.117939310561293,0.107692307692308,0.134211152534306,0.006,0.134211152534306,0
"427",0.129124032085892,0.0938697318007663,0.134211152534306,0.01,0.134211152534306,0
"428",0.066622094220977,0.0559686888454012,0.134211152534306,0.01,0.134211152534306,0
"429",0.089764965659601,0.0559686888454012,0.134211152534306,0.01,0.134211152534306,0
"430",0.0872060065172785,0.153846153846154,0.134211152534306,0.02,0.153846153846154,0
"431",0.148154092750136,0.0938697318007663,0.134211152534306,0.006,0.148154092750136,0
"432",0.309475049865711,0.331597222222222,0.331597222222222,0.042,0.331597222222222,1
"433",0.13988293300717,0.153846153846154,0.134211152534306,0.036,0.153846153846154,0
"434",0.0615069029918839,0.0938697318007663,0.134211152534306,0.014,0.134211152534306,0
"435",0.455560003248707,0.522202486678508,0.772727272727273,0.614,0.772727272727273,1
"436",0.738230669804511,0.662076271186441,0.687426556991774,0.974,0.974,1
"437",0.103203544123454,0.0559686888454012,0.134211152534306,0.014,0.134211152534306,0
"438",0.166034883012201,0.195714285714286,0.134211152534306,0.004,0.195714285714286,0
"439",0.170967579941099,0.104321907600596,0.134211152534306,0.008,0.170967579941099,0
"440",0.19904769027433,0.331597222222222,0.331597222222222,0.088,0.331597222222222,1
"441",0.121079558592731,0.0559686888454012,0.134211152534306,0.01,0.134211152534306,0
"442",0.18319701014731,0.0938697318007663,0.134211152534306,0.012,0.18319701014731,0
"443",0.193049946686898,0.178674351585014,0.134211152534306,0.018,0.193049946686898,0
"444",0.15482509711611,0.195714285714286,0.134211152534306,0.012,0.195714285714286,0
"445",0.026847346495672,0.195714285714286,0.134211152534306,0.008,0.195714285714286,0
"446",0.105039571141521,0.195714285714286,0.134211152534306,0.01,0.195714285714286,0
"447",0.126192651528448,0.0559686888454012,0.134211152534306,0.016,0.134211152534306,0
"448",0.188560183110214,0.195714285714286,0.134211152534306,0.008,0.195714285714286,0
"449",0.197256098514236,0.195714285714286,0.134211152534306,0.01,0.197256098514236,0
"450",0.113090292294178,0.0559686888454012,0.134211152534306,0.014,0.134211152534306,0
"451",0.144461078405757,0.0938697318007663,0.134211152534306,0.004,0.144461078405757,0
"452",0.181818405885525,0.280701754385965,0.134211152534306,0.026,0.280701754385965,1
"453",0.866698966791615,0.7872,0.806779661016949,0.998,0.998,1
"454",0.818047466894434,0.7872,0.277777777777778,0.842,0.842,1
"455",0.299963013874457,0.331597222222222,0.331597222222222,0.058,0.331597222222222,1
"456",0.156239961405158,0.195714285714286,0.134211152534306,0.012,0.195714285714286,0
"457",0.108188220509985,0.0938697318007663,0.134211152534306,0.014,0.134211152534306,0
"458",0.133490954630829,0.153846153846154,0.134211152534306,0.02,0.153846153846154,0
"459",0.0356120733457391,0.0559686888454012,0.134211152534306,0.006,0.134211152534306,0
"460",0.124548899321295,0.153846153846154,0.134211152534306,0.026,0.153846153846154,0
"461",0.0927871372851766,0.107692307692308,0.134211152534306,0.004,0.134211152534306,0
"462",0.0368754855967648,0.0938697318007663,0.134211152534306,0.006,0.134211152534306,0
"463",0.13297269119928,0.0559686888454012,0.134211152534306,0.006,0.134211152534306,0
"464",0.898855219257357,0.7872,0.687426556991774,0.976,0.976,1
"465",0.152030012775317,0.0938697318007663,0.134211152534306,0.004,0.152030012775317,0
"466",0.605172903449532,0.522202486678508,0.587155963302752,0.746,0.746,1
"467",0.134941609319259,0.153846153846154,0.134211152534306,0.022,0.153846153846154,0
"468",0.214864614271851,0.331597222222222,0.331597222222222,0.052,0.331597222222222,1
"469",0.156680402298236,0.178674351585014,0.134211152534306,0.046,0.178674351585014,0
"470",0.489832610301242,0.662076271186441,0.666666666666667,0.802,0.802,1
"471",0.0721654586220184,0.107692307692308,0.134211152534306,0.01,0.134211152534306,0
"472",0.180725048801599,0.0938697318007663,0.134211152534306,0.012,0.180725048801599,0
"473",0.120428375505884,0.153846153846154,0.134211152534306,0.026,0.153846153846154,0
"474",0.0173363850284793,0.0559686888454012,0.134211152534306,0.006,0.134211152534306,0
"475",0.130247698386792,0.195714285714286,0.134211152534306,0.014,0.195714285714286,0
"476",0.157738535439099,0.153846153846154,0.134211152534306,0.012,0.157738535439099,0
"477",0.105845970073378,0.178674351585014,0.134211152534306,0.018,0.178674351585014,0
"478",0.294493830034208,0.331597222222222,0.331597222222222,0.092,0.331597222222222,1
"479",0.120611236272082,0.107692307692308,0.134211152534306,0.006,0.134211152534306,0
"480",0.131512485302312,0.178674351585014,0.134211152534306,0.018,0.178674351585014,0
"481",0.0796387395907434,0.107692307692308,0.134211152534306,0.004,0.134211152534306,0
"482",0.087058000497231,0.107692307692308,0.134211152534306,0.008,0.134211152534306,0
"483",0.232256158598163,0.331597222222222,0.331597222222222,0.302,0.331597222222222,1
"484",0.819479277578708,0.7872,0.806779661016949,0.994,0.994,1
"485",0.096993444117242,0.0559686888454012,0.134211152534306,0.006,0.134211152534306,0
"486",0.93882117417785,0.7872,0.687426556991774,0.974,0.974,1
"487",0.07024097511749,0.0559686888454012,0.134211152534306,0.004,0.134211152534306,0
"488",0.0717388944676407,0.107692307692308,0.134211152534306,0.008,0.134211152534306,0
"489",0.192674585340582,0.195714285714286,0.134211152534306,0.016,0.195714285714286,0
"490",0.236432642244472,0.23644251626898,0.134211152534306,0.014,0.23644251626898,1
"491",0.163579867578317,0.195714285714286,0.134211152534306,0.01,0.195714285714286,0
"492",0.097610387949654,0.153846153846154,0.134211152534306,0.024,0.153846153846154,0
"493",0.16836890203998,0.195714285714286,0.134211152534306,0.016,0.195714285714286,0
"494",0.639863539881741,0.662076271186441,0.687426556991774,0.968,0.968,1
"495",0.130096949718148,0.107692307692308,0.134211152534306,0.008,0.134211152534306,0
"496",0.225053871012088,0.153846153846154,0.134211152534306,0.012,0.225053871012088,0
"497",0.110377845825305,0.195714285714286,0.134211152534306,0.036,0.195714285714286,0
"498",0.225792378769704,0.0938697318007663,0.134211152534306,0.006,0.225792378769704,0
"499",0.591961074226273,0.662076271186441,0.687426556991774,0.97,0.97,1
"500",0.0939448092792357,0.0938697318007663,0.134211152534306,0.012,0.134211152534306,0
"501",0.131065060420791,0.153846153846154,0.134211152534306,0.032,0.153846153846154,0
"502",0.708215188389502,0.522202486678508,0.702290076335878,0.868,0.868,1
"503",0.327369047256066,0.331597222222222,0.331597222222222,0.17,0.331597222222222,1
"504",0.126253369963075,0.153846153846154,0.134211152534306,0.03,0.153846153846154,0
"505",0.0688113682224819,0.195714285714286,0.134211152534306,0.006,0.195714285714286,0
"506",0.141337121936298,0.107692307692308,0.134211152534306,0.01,0.141337121936298,0
"507",0.14483477772227,0.104321907600596,0.134211152534306,0.038,0.14483477772227,0
"508",0.139816372662284,0.0938697318007663,0.134211152534306,0.004,0.139816372662284,0
"509",0.826511176576838,0.7872,0.806779661016949,0.964,0.964,1
"510",0.0736916451138709,0.195714285714286,0.134211152534306,0.022,0.195714285714286,0
"511",0.11823123352146,0.0938697318007663,0.134211152534306,0.006,0.134211152534306,0
"512",0.205118200244851,0.178674351585014,0.134211152534306,0.054,0.205118200244851,0
"513",0.140746203752539,0.153846153846154,0.134211152534306,0.032,0.153846153846154,0
"514",0.111552371655258,0.0938697318007663,0.134211152534306,0.002,0.134211152534306,0
"515",0.135878277129646,0.238095238095238,0.134211152534306,0.028,0.238095238095238,1
"516",0.158111195101866,0.23644251626898,0.134211152534306,0.032,0.23644251626898,1
"517",0.78633435564011,0.662076271186441,0.687426556991774,0.922,0.922,1
"518",0.362345786398446,0.342507645259939,0.134211152534306,0.01,0.362345786398446,1
"519",0.282820184141918,0.331597222222222,0.331597222222222,0.046,0.331597222222222,1
"520",0.10049061863579,0.107692307692308,0.134211152534306,0.004,0.134211152534306,0
"521",0.262264041635389,0.331597222222222,0.331597222222222,0.064,0.331597222222222,1
"522",0.134640666498204,0.0938697318007663,0.134211152534306,0.006,0.134640666498204,0
"523",0.0903510801549867,0.0559686888454012,0.134211152534306,0.006,0.134211152534306,0
"524",0.0999549835590017,0.0938697318007663,0.134211152534306,0.014,0.134211152534306,0
"525",0.129139877499684,0.107692307692308,0.134211152534306,0.008,0.134211152534306,0
"526",0.0520418327162642,0.0559686888454012,0.134211152534306,0.01,0.134211152534306,0
"527",0.173750266313769,0.0938697318007663,0.134211152534306,0.018,0.173750266313769,0
"528",0.115740724626892,0.153846153846154,0.134211152534306,0.032,0.153846153846154,0
"529",0.176452506663513,0.178674351585014,0.134211152534306,0.014,0.178674351585014,0
"530",0.481965944431659,0.522202486678508,0.657894736842105,0.558,0.657894736842105,1
"531",0.122092166075565,0.153846153846154,0.134211152534306,0.032,0.153846153846154,0
"532",0.0987916810493513,0.195714285714286,0.134211152534306,0.004,0.195714285714286,0
"533",0.280422632552491,0.331597222222222,0.331597222222222,0.034,0.331597222222222,1
"534",0.100692838388192,0.0559686888454012,0.134211152534306,0.004,0.134211152534306,0
"535",0.136440391473264,0.104321907600596,0.134211152534306,0.02,0.136440391473264,0
"536",0.235342746292793,0.153846153846154,0.134211152534306,0.032,0.235342746292793,1
"537",0.117804026825407,0.107692307692308,0.134211152534306,0.008,0.134211152534306,0
"538",0.0128064686405986,0.0559686888454012,0.134211152534306,0.006,0.134211152534306,0
"539",0.121871380930775,0.107692307692308,0.134211152534306,0.004,0.134211152534306,0
"540",0.0962814300452121,0.107692307692308,0.134211152534306,0.004,0.134211152534306,0
"541",0.554493198115293,0.7872,0.687426556991774,0.85,0.85,1
"542",0.649538392106223,0.662076271186441,0.687426556991774,0.912,0.912,1
"543",0.0696206448645631,0.0938697318007663,0.134211152534306,0.016,0.134211152534306,0
"544",0.354403923119855,0.331597222222222,0.331597222222222,0.196,0.354403923119855,1
"545",0.260294207900307,0.331597222222222,0.331597222222222,0.06,0.331597222222222,1
"546",0.133193832346259,0.0559686888454012,0.134211152534306,0.01,0.134211152534306,0
"547",0.181884195277104,0.280701754385965,0.134211152534306,0.024,0.280701754385965,1
"548",0.100516223776481,0.0559686888454012,0.134211152534306,0.01,0.134211152534306,0
"549",0.135690886925829,0.0559686888454012,0.134211152534306,0.014,0.135690886925829,0
"550",0.718294176527108,0.7872,0.1875,0.926,0.926,1
"551",0.853446125951878,0.7872,0.806779661016949,0.992,0.992,1
"552",0.337098072521324,0.153846153846154,0.134211152534306,0.016,0.337098072521324,1
"553",0.199239198705497,0.662076271186441,0.687426556991774,0.638,0.687426556991774,1
"554",0.809869078744141,0.7872,0.687426556991774,0.896,0.896,1
"555",0.616405487103166,0.662076271186441,0.363636363636364,0.486,0.662076271186441,1
"556",0.130978371607841,0.238095238095238,0.134211152534306,0.036,0.238095238095238,1
"557",0.696040821841453,0.662076271186441,0.687426556991774,0.972,0.972,1
"558",0.259487135559969,0.331597222222222,0.331597222222222,0.076,0.331597222222222,1
"559",0.597909336935191,0.662076271186441,0.687426556991774,0.956,0.956,1
"560",0.621908585517573,0.522202486678508,0.782608695652174,0.632,0.782608695652174,1
"561",0.112144145202342,0.195714285714286,0.134211152534306,0.004,0.195714285714286,0
"562",0.252531825942378,0.0938697318007663,0.134211152534306,0.004,0.252531825942378,1
"563",0.113465505979448,0.107692307692308,0.134211152534306,0.008,0.134211152534306,0
"564",0.660078458371507,0.522202486678508,0.587155963302752,0.756,0.756,1
"565",0.116592449266167,0.153846153846154,0.134211152534306,0.034,0.153846153846154,0
"566",0.29911630722199,0.280701754385965,0.134211152534306,0.018,0.29911630722199,1
"567",0.120507108112142,0.153846153846154,0.134211152534306,0.02,0.153846153846154,0
"568",0.591477020992718,0.662076271186441,0.687426556991774,0.934,0.934,1
"569",0.555105360759666,0.662076271186441,0.687426556991774,0.874,0.874,1
"570",0.121823204813914,0.153846153846154,0.134211152534306,0.03,0.153846153846154,0
"571",0.290294630773139,0.178674351585014,0.134211152534306,0.028,0.290294630773139,1
"572",0.109842468883272,0.153846153846154,0.134211152534306,0.034,0.153846153846154,0
"573",0.111554357382394,0.0559686888454012,0.134211152534306,0.014,0.134211152534306,0
"574",0.0942370592845866,0.0559686888454012,0.134211152534306,0.01,0.134211152534306,0
"575",0.610165435086401,0.662076271186441,0.806779661016949,0.972,0.972,1
"576",0.30118847603417,0.331597222222222,0.331597222222222,0.05,0.331597222222222,1
"577",0.0946443969097591,0.0559686888454012,0.134211152534306,0.008,0.134211152534306,0
"578",0.350161784908864,0.331597222222222,0.331597222222222,0.202,0.350161784908864,1
"579",0.0731626029372364,0.107692307692308,0.134211152534306,0.01,0.134211152534306,0
"580",0.0591157752501194,0.0559686888454012,0.134211152534306,0.004,0.134211152534306,0
"581",0.242704368761731,0.178674351585014,0.134211152534306,0.032,0.242704368761731,1
"582",0.858120772679282,0.7872,0.806779661016949,0.942,0.942,1
"583",0.155704265543417,0.280701754385965,0.134211152534306,0.014,0.280701754385965,1
"584",0.343521909515603,0.342507645259939,0.134211152534306,0.012,0.343521909515603,1
"585",0.319331091960603,0.331597222222222,0.331597222222222,0.056,0.331597222222222,1
"586",0.278101513411868,0.280701754385965,0.134211152534306,0.07,0.280701754385965,1
"587",0.144990912359891,0.153846153846154,0.134211152534306,0.024,0.153846153846154,0
"588",0.124884448160785,0.153846153846154,0.134211152534306,0.026,0.153846153846154,0
"589",0.622418143111182,0.454545454545455,0.687426556991774,0.736,0.736,1
"590",0.103728360968156,0.107692307692308,0.134211152534306,0.008,0.134211152534306,0
"591",0.219428926091071,0.331597222222222,0.331597222222222,0.062,0.331597222222222,1
"592",0.117492373948058,0.0559686888454012,0.134211152534306,0.004,0.134211152534306,0
"593",0.117761598013583,0.107692307692308,0.134211152534306,0.008,0.134211152534306,0
"594",0.10606105508543,0.107692307692308,0.134211152534306,0.008,0.134211152534306,0
"595",0.104282761772051,0.0559686888454012,0.134211152534306,0.004,0.134211152534306,0
"596",0.185958733454793,0.178674351585014,0.134211152534306,0.016,0.185958733454793,0
"597",0.811810347718347,0.7872,0.806779661016949,0.996,0.996,1
"598",0.0926129133434367,0.0559686888454012,0.134211152534306,0.01,0.134211152534306,0
"599",0.124080119533275,0.153846153846154,0.134211152534306,0.034,0.153846153846154,0
"600",0.763088610475724,0.7872,0.1875,0.956,0.956,1
"601",0.680957480810376,0.662076271186441,0.851851851851852,0.942,0.942,1
"602",0.157710922729167,0.0938697318007663,0.134211152534306,0.008,0.157710922729167,0
"603",0.180167248299242,0.23644251626898,0.134211152534306,0.014,0.23644251626898,1
"604",0.289233762245762,0.331597222222222,0.331597222222222,0.084,0.331597222222222,1
"605",0.872347399541803,0.7872,0.806779661016949,0.99,0.99,1
"606",0.133473875604867,0.107692307692308,0.134211152534306,0.008,0.134211152534306,0
"607",0.172078424405611,0.178674351585014,0.134211152534306,0.008,0.178674351585014,0
"608",0.120419918316569,0.0938697318007663,0.134211152534306,0.004,0.134211152534306,0
"609",0.132594876721023,0.107692307692308,0.134211152534306,0.01,0.134211152534306,0
"610",0.127980217917765,0.0559686888454012,0.134211152534306,0.016,0.134211152534306,0
"611",0.18031320608161,0.195714285714286,0.134211152534306,0.01,0.195714285714286,0
"612",0.120301809282628,0.153846153846154,0.134211152534306,0.016,0.153846153846154,0
"613",0.148165118342228,0.178674351585014,0.134211152534306,0.022,0.178674351585014,0
"614",0.119471015642168,0.153846153846154,0.134211152534306,0.032,0.153846153846154,0
"615",0.082829197746519,0.23644251626898,0.134211152534306,0.024,0.23644251626898,1
"616",0.121176944789411,0.153846153846154,0.134211152534306,0.032,0.153846153846154,0
"617",0.177994387135342,0.153846153846154,0.134211152534306,0.036,0.177994387135342,0
"618",0.133128551636177,0.178674351585014,0.134211152534306,0.028,0.178674351585014,0
"619",0.118920205457218,0.195714285714286,0.134211152534306,0.01,0.195714285714286,0
"620",0.151108434946403,0.0938697318007663,0.134211152534306,0.008,0.151108434946403,0
"621",0.277848443625585,0.178674351585014,0.134211152534306,0.046,0.277848443625585,1
"622",0.101142224854044,0.107692307692308,0.134211152534306,0.01,0.134211152534306,0
"623",0.0819102632571941,0.0559686888454012,0.134211152534306,0.006,0.134211152534306,0
"624",0.0244771266250273,0.0559686888454012,0.134211152534306,0.006,0.134211152534306,0
"625",0.108186343269324,0.0559686888454012,0.134211152534306,0.006,0.134211152534306,0
"626",0.117814960570875,0.107692307692308,0.134211152534306,0.004,0.134211152534306,0
"627",0.257398773036953,0.178674351585014,0.134211152534306,0.052,0.257398773036953,1
"628",0.0474947204235503,0.0559686888454012,0.134211152534306,0.006,0.134211152534306,0
"629",0.144178150189149,0.153846153846154,0.134211152534306,0.042,0.153846153846154,0
"630",0.0838765621099305,0.0559686888454012,0.134211152534306,0.006,0.134211152534306,0
"631",0.101941991891198,0.195714285714286,0.134211152534306,0.014,0.195714285714286,0
"632",0.104134272438398,0.0559686888454012,0.134211152534306,0.01,0.134211152534306,0
"633",0.0741213900476027,0.0559686888454012,0.134211152534306,0.004,0.134211152534306,0
"634",0.312636578484054,0.331597222222222,0.331597222222222,0.22,0.331597222222222,1
"635",0.147895198771013,0.153846153846154,0.134211152534306,0.032,0.153846153846154,0
"636",0.314020379449823,0.342507645259939,0.134211152534306,0.012,0.342507645259939,1
"637",0.24420594108576,0.178674351585014,0.134211152534306,0.03,0.24420594108576,1
"638",0.173770644768054,0.195714285714286,0.134211152534306,0.008,0.195714285714286,0
"639",0.187278229391091,0.195714285714286,0.134211152534306,0.008,0.195714285714286,0
"640",0.0690965635744415,0.107692307692308,0.134211152534306,0.004,0.134211152534306,0
"641",0.0965951844708091,0.0559686888454012,0.134211152534306,0.006,0.134211152534306,0
"642",0.266767967920279,0.178674351585014,0.134211152534306,0.022,0.266767967920279,1
"643",0.0855992356385675,0.0938697318007663,0.134211152534306,0.028,0.134211152534306,0
"644",0.255728690709403,0.342507645259939,0.134211152534306,0.014,0.342507645259939,1
"645",0.142742972740474,0.153846153846154,0.134211152534306,0.032,0.153846153846154,0
"646",0.0753181285766606,0.107692307692308,0.134211152534306,0.006,0.134211152534306,0
"647",0.114729407799997,0.0938697318007663,0.134211152534306,0.006,0.134211152534306,0
"648",0.387051622547724,0.331597222222222,0.331597222222222,0.164,0.387051622547724,1
"649",0.223622915969041,0.178674351585014,0.134211152534306,0.06,0.223622915969041,0
"650",0.0969874856354504,0.0559686888454012,0.134211152534306,0.01,0.134211152534306,0
"651",0.148925810378839,0.195714285714286,0.134211152534306,0.02,0.195714285714286,0
"652",0.652645311109501,0.662076271186441,0.687426556991774,0.978,0.978,1
"653",0.135708797499989,0.104321907600596,0.134211152534306,0.028,0.135708797499989,0
"654",0.154333728864777,0.331597222222222,0.331597222222222,0.064,0.331597222222222,1
"655",0.060121385488296,0.178674351585014,0.134211152534306,0.01,0.178674351585014,0
"656",0.237908322564185,0.195714285714286,0.134211152534306,0.014,0.237908322564185,1
"657",0.21749518853856,0.178674351585014,0.134211152534306,0.01,0.21749518853856,0
"658",0.0662092660383836,0.0559686888454012,0.134211152534306,0.008,0.134211152534306,0
"659",0.0957218963816318,0.0938697318007663,0.134211152534306,0.004,0.134211152534306,0
"660",0.602972129977115,0.662076271186441,0.687426556991774,0.838,0.838,1
"661",0.0523928048113287,0.0559686888454012,0.134211152534306,0.008,0.134211152534306,0
"662",0.317025216793331,0.331597222222222,0.331597222222222,0.038,0.331597222222222,1
"663",0.169157524505721,0.195714285714286,0.134211152534306,0.004,0.195714285714286,0
"664",0.0803754710513739,0.107692307692308,0.134211152534306,0.006,0.134211152534306,0
"665",0.139684560026047,0.104321907600596,0.134211152534306,0.028,0.139684560026047,0
"666",0.134970634411461,0.104321907600596,0.134211152534306,0.016,0.134970634411461,0
"667",0.15144520558168,0.0938697318007663,0.134211152534306,0.006,0.15144520558168,0
"668",0.151200998965182,0.0938697318007663,0.134211152534306,0.006,0.151200998965182,0
"669",0.137905468523345,0.0938697318007663,0.134211152534306,0.006,0.137905468523345,0
"670",0.141121759046761,0.153846153846154,0.134211152534306,0.036,0.153846153846154,0
"671",0.335357368748531,0.331597222222222,0.331597222222222,0.126,0.335357368748531,1
"672",0.132146026696785,0.153846153846154,0.134211152534306,0.036,0.153846153846154,0
"673",0.404186135984336,0.331597222222222,0.331597222222222,0.25,0.404186135984336,1
"674",0.0192641124875744,0.107692307692308,0.134211152534306,0.006,0.134211152534306,0
"675",0.209347039904344,0.23644251626898,0.134211152534306,0.006,0.23644251626898,1
"676",0.140660531222455,0.178674351585014,0.134211152534306,0.016,0.178674351585014,0
"677",0.219643072752778,0.0938697318007663,0.134211152534306,0.012,0.219643072752778,0
"678",0.129968727757605,0.104321907600596,0.134211152534306,0.032,0.134211152534306,0
"679",0.106743654470201,0.0559686888454012,0.134211152534306,0.01,0.134211152534306,0
"680",0.127669983208668,0.104321907600596,0.134211152534306,0.03,0.134211152534306,0
"681",0.116307863924115,0.0938697318007663,0.134211152534306,0.014,0.134211152534306,0
"682",0.181499074746872,0.178674351585014,0.134211152534306,0.06,0.181499074746872,0
"683",0.151258973600638,0.331597222222222,0.331597222222222,0.064,0.331597222222222,1
"684",0.127664561685305,0.178674351585014,0.134211152534306,0.01,0.178674351585014,0
"685",0.136106673246572,0.0938697318007663,0.134211152534306,0.016,0.136106673246572,0
"686",0.700182886617203,0.662076271186441,0.687426556991774,0.872,0.872,1
"687",0.147160378501103,0.0938697318007663,0.134211152534306,0.006,0.147160378501103,0
"688",0.159569114449815,0.153846153846154,0.134211152534306,0.03,0.159569114449815,0
"689",0.138816892232021,0.153846153846154,0.134211152534306,0.012,0.153846153846154,0
"690",0.116744698215365,0.0938697318007663,0.134211152534306,0.004,0.134211152534306,0
"691",0.15951757195956,0.153846153846154,0.134211152534306,0.012,0.15951757195956,0
"692",0.830576071366654,0.7872,0.806779661016949,0.984,0.984,1
"693",0.132490808966319,0.0938697318007663,0.134211152534306,0.006,0.134211152534306,0
"694",0.173934442230965,0.0938697318007663,0.134211152534306,0.014,0.173934442230965,0
"695",0.154149803822044,0.153846153846154,0.134211152534306,0.022,0.154149803822044,0
"696",0.192557859538484,0.331597222222222,0.331597222222222,0.052,0.331597222222222,1
"697",0.135836792243983,0.0559686888454012,0.134211152534306,0.016,0.135836792243983,0
"698",0.122544499010835,0.107692307692308,0.134211152534306,0.01,0.134211152534306,0
"699",0.158781695911435,0.153846153846154,0.134211152534306,0.032,0.158781695911435,0
"700",0.155621648619742,0.153846153846154,0.134211152534306,0.022,0.155621648619742,0
"701",0.0951864144727226,0.107692307692308,0.134211152534306,0.008,0.134211152534306,0
"702",0.710717025444661,0.662076271186441,0.806779661016949,0.83,0.83,1
"703",0.296129572347774,0.0938697318007663,0.134211152534306,0.018,0.296129572347774,1
"704",0.0568173214085956,0.104321907600596,0.134211152534306,0.028,0.134211152534306,0
"705",0.156127050343504,0.0938697318007663,0.134211152534306,0.02,0.156127050343504,0
"706",0.0855554856612549,0.0559686888454012,0.134211152534306,0.006,0.134211152534306,0
"707",0.605951775961846,0.662076271186441,0.687426556991774,0.976,0.976,1
"708",0.3781693179052,0.331597222222222,0.331597222222222,0.194,0.3781693179052,1
"709",0.180117570791706,0.331597222222222,0.331597222222222,0.082,0.331597222222222,1
"710",0.242253078889402,0.178674351585014,0.134211152534306,0.02,0.242253078889402,1
"711",0.0889413987422263,0.0938697318007663,0.134211152534306,0.024,0.134211152534306,0
"712",0.201136137626326,0.195714285714286,0.134211152534306,0.022,0.201136137626326,0
"713",0.189333442814619,0.153846153846154,0.134211152534306,0.042,0.189333442814619,0
"714",0.125454036072438,0.195714285714286,0.134211152534306,0.01,0.195714285714286,0
"715",0.0450708387430555,0.0938697318007663,0.134211152534306,0.008,0.134211152534306,0
"716",0.463932592374192,0.662076271186441,0.363636363636364,0.652,0.662076271186441,1
"717",0.114939430901061,0.0938697318007663,0.134211152534306,0.006,0.134211152534306,0
"718",0.111069911123423,0.0559686888454012,0.134211152534306,0.01,0.134211152534306,0
"719",0.110768371703358,0.153846153846154,0.134211152534306,0.032,0.153846153846154,0
"720",0.0560198029923605,0.104321907600596,0.134211152534306,0.036,0.134211152534306,0
"721",0.142089024798764,0.104321907600596,0.134211152534306,0.028,0.142089024798764,0
"722",0.149956129032138,0.280701754385965,0.134211152534306,0.02,0.280701754385965,1
"723",0.34054236164388,0.522202486678508,0.587155963302752,0.454,0.587155963302752,1
"724",0.128237638299936,0.0938697318007663,0.134211152534306,0.004,0.134211152534306,0
"725",0.133485978452315,0.107692307692308,0.134211152534306,0.014,0.134211152534306,0
"726",0.207848324713834,0.331597222222222,0.331597222222222,0.114,0.331597222222222,1
"727",0.0918424812548926,0.0938697318007663,0.134211152534306,0.004,0.134211152534306,0
"728",0.0498219242900319,0.0559686888454012,0.134211152534306,0.004,0.134211152534306,0
"729",0.209717883029598,0.331597222222222,0.331597222222222,0.04,0.331597222222222,1
"730",0.117506450429475,0.0559686888454012,0.134211152534306,0.01,0.134211152534306,0
"731",0.123977566033799,0.0938697318007663,0.134211152534306,0.004,0.134211152534306,0
"732",0.0993384396588368,0.107692307692308,0.134211152534306,0.008,0.134211152534306,0
"733",0.0725049676455851,0.0559686888454012,0.134211152534306,0.004,0.134211152534306,0
"734",0.174710408878843,0.178674351585014,0.134211152534306,0.032,0.178674351585014,0
"735",0.137227622212566,0.153846153846154,0.134211152534306,0.044,0.153846153846154,0
"736",0.117092838053751,0.153846153846154,0.134211152534306,0.03,0.153846153846154,0
"737",0.091430278306488,0.107692307692308,0.134211152534306,0.008,0.134211152534306,0
"738",0.0555243462756479,0.0938697318007663,0.134211152534306,0.006,0.134211152534306,0
"739",0.588913937587753,0.522202486678508,0.782608695652174,0.564,0.782608695652174,1
"740",0.109662147803697,0.0559686888454012,0.134211152534306,0.006,0.134211152534306,0
"741",0.140799801081832,0.0559686888454012,0.134211152534306,0.014,0.140799801081832,0
"742",0.182156325693471,0.178674351585014,0.134211152534306,0.022,0.182156325693471,0
"743",0.086024364920363,0.178674351585014,0.134211152534306,0.014,0.178674351585014,0
"744",0.11781667643253,0.0559686888454012,0.134211152534306,0.008,0.134211152534306,0
"745",0.127578791046237,0.238095238095238,0.134211152534306,0.028,0.238095238095238,1
"746",0.325051988978339,0.178674351585014,0.134211152534306,0.014,0.325051988978339,1
"747",0.162345111042853,0.195714285714286,0.134211152534306,0.006,0.195714285714286,0
"748",0.119270771333762,0.0559686888454012,0.134211152534306,0.01,0.134211152534306,0
"749",0.0882883454503735,0.0559686888454012,0.134211152534306,0.006,0.134211152534306,0
"750",0.193978339502904,0.331597222222222,0.331597222222222,0.072,0.331597222222222,1
"751",0.111190204113883,0.104321907600596,0.134211152534306,0.014,0.134211152534306,0
"752",0.0376264730518887,0.0559686888454012,0.134211152534306,0.006,0.134211152534306,0
"753",0.0775894915182216,0.107692307692308,0.134211152534306,0.008,0.134211152534306,0
"754",0.0789832830390777,0.0559686888454012,0.134211152534306,0.008,0.134211152534306,0
"755",0.10611166112975,0.0559686888454012,0.134211152534306,0.012,0.134211152534306,0
"756",0.096561341082315,0.0938697318007663,0.134211152534306,0.014,0.134211152534306,0
"757",0.261792386474606,0.178674351585014,0.134211152534306,0.032,0.261792386474606,1
"758",0.227377071086412,0.331597222222222,0.331597222222222,0.072,0.331597222222222,1
"759",0.0785850901931762,0.0938697318007663,0.134211152534306,0.004,0.134211152534306,0
"760",0.118477477779058,0.195714285714286,0.134211152534306,0.012,0.195714285714286,0
"761",0.0298284595683817,0.107692307692308,0.134211152534306,0.01,0.134211152534306,0
"762",0.580933760798093,0.522202486678508,0.657894736842105,0.688,0.688,1
"763",0.130102096088987,0.0559686888454012,0.134211152534306,0.014,0.134211152534306,0
"764",0.125723655439715,0.195714285714286,0.134211152534306,0.016,0.195714285714286,0
"765",0.134455423589607,0.0559686888454012,0.134211152534306,0.012,0.134455423589607,0
"766",0.149859973180576,0.0938697318007663,0.134211152534306,0.006,0.149859973180576,0
"767",0.154631116289069,0.0938697318007663,0.134211152534306,0.004,0.154631116289069,0
"768",0.181667389272077,0.153846153846154,0.134211152534306,0.018,0.181667389272077,0
"769",0.609227657597353,0.522202486678508,0.587155963302752,0.646,0.646,1
"770",0.131550139090062,0.104321907600596,0.134211152534306,0.022,0.134211152534306,0
"771",0.155047191366596,0.178674351585014,0.134211152534306,0.014,0.178674351585014,0
"772",0.0615251242083923,0.107692307692308,0.134211152534306,0.01,0.134211152534306,0
"773",0.600759013102619,0.662076271186441,0.806779661016949,0.826,0.826,1
"774",0.10290850162155,0.0559686888454012,0.134211152534306,0.01,0.134211152534306,0
"775",0.0807519031779274,0.0938697318007663,0.134211152534306,0.006,0.134211152534306,0
"776",0.344262470263415,0.522202486678508,0.657894736842105,0.52,0.657894736842105,1
"777",0.0567671111004328,0.0938697318007663,0.134211152534306,0.004,0.134211152534306,0
"778",0.118763862982403,0.0938697318007663,0.134211152534306,0.006,0.134211152534306,0
"779",0.272201557232497,0.331597222222222,0.331597222222222,0.088,0.331597222222222,1
"780",0.0814911146901347,0.0559686888454012,0.134211152534306,0.006,0.134211152534306,0
"781",0.131481216446926,0.107692307692308,0.134211152534306,0.01,0.134211152534306,0
"782",0.108061420755507,0.0559686888454012,0.134211152534306,0.006,0.134211152534306,0
"783",0.124877827161815,0.195714285714286,0.134211152534306,0.008,0.195714285714286,0
"784",0.138078714835779,0.195714285714286,0.134211152534306,0.01,0.195714285714286,0
"785",0.0322203959047862,0.0559686888454012,0.134211152534306,0.006,0.134211152534306,0
"786",0.139473722101699,0.178674351585014,0.134211152534306,0.008,0.178674351585014,0
"787",0.68339187342331,0.662076271186441,0.851851851851852,0.922,0.922,1
"788",0.130495954536749,0.107692307692308,0.134211152534306,0.008,0.134211152534306,0
"789",0.104071848033095,0.104321907600596,0.134211152534306,0.032,0.134211152534306,0
"790",0.317501535366954,0.342507645259939,0.134211152534306,0.038,0.342507645259939,1
"791",0.618472668177641,0.662076271186441,0.1875,0.784,0.784,1
"792",0.841777622356406,0.7872,0.806779661016949,0.994,0.994,1
"793",0.223494521726535,0.522202486678508,0.587155963302752,0.492,0.587155963302752,1
"794",0.650783823805884,0.662076271186441,0.687426556991774,0.832,0.832,1
"795",0.594836641888546,0.522202486678508,0.260869565217391,0.604,0.604,1
"796",0.153422729582824,0.0938697318007663,0.134211152534306,0.006,0.153422729582824,0
"797",0.01640915873106,0.0559686888454012,0.134211152534306,0.012,0.134211152534306,0
"798",0.0926126492827287,0.153846153846154,0.134211152534306,0.032,0.153846153846154,0
"799",0.632441265856961,0.662076271186441,0.687426556991774,0.966,0.966,1
"800",0.231213263737071,0.0485436893203883,0.134211152534306,0.036,0.231213263737071,1
"801",0.0499013750115781,0.0559686888454012,0.134211152534306,0.006,0.134211152534306,0
"802",0.139788371187492,0.153846153846154,0.134211152534306,0.022,0.153846153846154,0
"803",0.179844274272633,0.0938697318007663,0.134211152534306,0.012,0.179844274272633,0
"804",0.134483900500638,0.107692307692308,0.134211152534306,0.006,0.134483900500638,0
"805",0.131004966757696,0.153846153846154,0.134211152534306,0.03,0.153846153846154,0
"806",0.156505399984946,0.195714285714286,0.134211152534306,0.014,0.195714285714286,0
"807",0.289262278894105,0.342507645259939,0.134211152534306,0.012,0.342507645259939,1
"808",0.385827967972886,0.342507645259939,0.134211152534306,0.01,0.385827967972886,1
"809",0.156693311008266,0.0938697318007663,0.134211152534306,0.008,0.156693311008266,0
"810",0.156540453377546,0.153846153846154,0.134211152534306,0.02,0.156540453377546,0
"811",0.153699342203029,0.0559686888454012,0.134211152534306,0.004,0.153699342203029,0
"812",0.144768518590033,0.107692307692308,0.134211152534306,0.016,0.144768518590033,0
"813",0.087047651819069,0.0938697318007663,0.134211152534306,0.004,0.134211152534306,0
"814",0.769682303464872,0.662076271186441,0.687426556991774,0.892,0.892,1
"815",0.351160491368886,0.331597222222222,0.331597222222222,0.19,0.351160491368886,1
"816",0.154708950242104,0.195714285714286,0.134211152534306,0.01,0.195714285714286,0
"817",0.0831090196455037,0.0559686888454012,0.134211152534306,0.008,0.134211152534306,0
"818",0.0911813207480046,0.195714285714286,0.134211152534306,0.004,0.195714285714286,0
"819",0.491529020247214,0.662076271186441,0.687426556991774,0.908,0.908,1
"820",0.155062337907543,0.195714285714286,0.134211152534306,0.016,0.195714285714286,0
"821",0.203210146386979,0.0938697318007663,0.134211152534306,0.04,0.203210146386979,0
"822",0.153197077244548,0.195714285714286,0.134211152534306,0.01,0.195714285714286,0
"823",0.158072886113,0.195714285714286,0.134211152534306,0.018,0.195714285714286,0
"824",0.156533548679223,0.104321907600596,0.134211152534306,0.032,0.156533548679223,0
"825",0.138621704593055,0.0938697318007663,0.134211152534306,0.006,0.138621704593055,0
"826",0.150672414895385,0.107692307692308,0.134211152534306,0.01,0.150672414895385,0
"827",0.154987095209038,0.153846153846154,0.134211152534306,0.036,0.154987095209038,0
"828",0.675528048973212,0.662076271186441,0.687426556991774,0.962,0.962,1
"829",0.0978524084816514,0.0938697318007663,0.134211152534306,0.01,0.134211152534306,0
"830",0.155804520350065,0.153846153846154,0.134211152534306,0.022,0.155804520350065,0
"831",0.0928793910947992,0.0559686888454012,0.134211152534306,0.004,0.134211152534306,0
"832",0.579494036378626,0.522202486678508,0.587155963302752,0.58,0.587155963302752,1
"833",0.200925926662104,0.195714285714286,0.134211152534306,0.01,0.200925926662104,0
"834",0.295853979853001,0.331597222222222,0.331597222222222,0.058,0.331597222222222,1
"835",0.181840982919143,0.195714285714286,0.134211152534306,0.01,0.195714285714286,0
"836",0.728748983713305,0.662076271186441,0.666666666666667,0.716,0.728748983713305,1
"837",0.164677256357437,0.0559686888454012,0.134211152534306,0.004,0.164677256357437,0
"838",0.347040642893741,0.342507645259939,0.134211152534306,0.156,0.347040642893741,1
"839",0.132914342082838,0.104321907600596,0.134211152534306,0.028,0.134211152534306,0
"840",0.223175091630277,0.178674351585014,0.134211152534306,0.01,0.223175091630277,0
"841",0.0732096265081734,0.0938697318007663,0.134211152534306,0.014,0.134211152534306,0
"842",0.146852186541442,0.153846153846154,0.134211152534306,0.022,0.153846153846154,0
"843",0.119874592603096,0.153846153846154,0.134211152534306,0.02,0.153846153846154,0
"844",0.337606519718143,0.522202486678508,0.587155963302752,0.592,0.592,1
"845",0.144387274803104,0.153846153846154,0.134211152534306,0.032,0.153846153846154,0
"846",0.118256008314125,0.153846153846154,0.134211152534306,0.032,0.153846153846154,0
"847",0.582266350805103,0.662076271186441,0.687426556991774,0.872,0.872,1
"848",0.173986811210796,0.195714285714286,0.134211152534306,0.012,0.195714285714286,0
"849",0.155755020332899,0.104321907600596,0.134211152534306,0.008,0.155755020332899,0
"850",0.0502074440068367,0.0559686888454012,0.134211152534306,0.006,0.134211152534306,0
"851",0.138863547757917,0.0938697318007663,0.134211152534306,0.008,0.138863547757917,0
"852",0.137191341507215,0.153846153846154,0.134211152534306,0.02,0.153846153846154,0
"853",0.0402871648997727,0.0938697318007663,0.134211152534306,0.004,0.134211152534306,0
"854",0.195369741570056,0.331597222222222,0.331597222222222,0.044,0.331597222222222,1
"855",0.0363442957483866,0.0559686888454012,0.134211152534306,0.004,0.134211152534306,0
"856",0.10592167481999,0.107692307692308,0.134211152534306,0.008,0.134211152534306,0
"857",0.19191714394796,0.0938697318007663,0.134211152534306,0.032,0.19191714394796,0
"858",0.13784355095329,0.104321907600596,0.134211152534306,0.032,0.13784355095329,0
"859",0.0844270837814036,0.0559686888454012,0.134211152534306,0.004,0.134211152534306,0
"860",0.139359341876295,0.153846153846154,0.134211152534306,0.024,0.153846153846154,0
"861",0.0549617333056624,0.107692307692308,0.134211152534306,0.004,0.134211152534306,0
"862",0.0895303862689098,0.0559686888454012,0.134211152534306,0.01,0.134211152534306,0
"863",0.111065930899913,0.107692307692308,0.134211152534306,0.008,0.134211152534306,0
"864",0.0915962039969106,0.0938697318007663,0.134211152534306,0.024,0.134211152534306,0
"865",0.139743746851636,0.104321907600596,0.134211152534306,0.032,0.139743746851636,0
"866",0.0394247393009264,0.0559686888454012,0.134211152534306,0.004,0.134211152534306,0
"867",0.217676390016809,0.195714285714286,0.134211152534306,0.002,0.217676390016809,0
"868",0.129094898115442,0.107692307692308,0.134211152534306,0.008,0.134211152534306,0
"869",0.137102507682807,0.153846153846154,0.134211152534306,0.02,0.153846153846154,0
"870",0.18499926134622,0.195714285714286,0.134211152534306,0.016,0.195714285714286,0
"871",0.0286766641154608,0.0559686888454012,0.134211152534306,0.014,0.134211152534306,0
"872",0.645846757491808,0.662076271186441,0.687426556991774,0.96,0.96,1
"873",0.127564792330238,0.107692307692308,0.134211152534306,0.01,0.134211152534306,0
"874",0.588309011853347,0.662076271186441,0.687426556991774,0.94,0.94,1
"875",0.101909345723632,0.0559686888454012,0.134211152534306,0.004,0.134211152534306,0
"876",0.210312677177195,0.178674351585014,0.134211152534306,0.02,0.210312677177195,0
"877",0.115235117683834,0.0559686888454012,0.134211152534306,0.01,0.134211152534306,0
"878",0.137149842593312,0.238095238095238,0.134211152534306,0.03,0.238095238095238,1
"879",0.0956905879897464,0.0938697318007663,0.134211152534306,0.004,0.134211152534306,0
"880",0.323504591384825,0.331597222222222,0.331597222222222,0.048,0.331597222222222,1
"881",0.141436179770195,0.178674351585014,0.134211152534306,0.012,0.178674351585014,0
"882",0.149407143260372,0.178674351585014,0.134211152534306,0.006,0.178674351585014,0
"883",0.115812238838925,0.153846153846154,0.134211152534306,0.018,0.153846153846154,0
"884",0.129511121344609,0.153846153846154,0.134211152534306,0.032,0.153846153846154,0
"885",0.16329395532146,0.195714285714286,0.134211152534306,0.01,0.195714285714286,0
"886",0.158517719808416,0.23644251626898,0.134211152534306,0.028,0.23644251626898,1
"887",0.285948852183495,0.342507645259939,0.134211152534306,0.138,0.342507645259939,1
"888",0.149488897508278,0.23644251626898,0.134211152534306,0.01,0.23644251626898,1
"889",0.133371012391158,0.153846153846154,0.134211152534306,0.026,0.153846153846154,0
"890",0.131803509530113,0.153846153846154,0.134211152534306,0.024,0.153846153846154,0
"891",0.134151102384291,0.104321907600596,0.134211152534306,0.012,0.134211152534306,0
"892",0.477330638236934,0.522202486678508,0.702290076335878,0.748,0.748,1
"893",0.822192569525788,0.662076271186441,0.806779661016949,0.952,0.952,1
"894",0.311598827179071,0.342507645259939,0.134211152534306,0.01,0.342507645259939,1
"895",0.153072090637909,0.153846153846154,0.134211152534306,0.032,0.153846153846154,0
"896",0.142638148799989,0.0938697318007663,0.134211152534306,0.004,0.142638148799989,0
"897",0.152355147899204,0.0938697318007663,0.134211152534306,0.004,0.152355147899204,0
"898",0.35167386809492,0.331597222222222,0.331597222222222,0.032,0.35167386809492,1
"899",0.0858676303351606,0.0559686888454012,0.134211152534306,0.004,0.134211152534306,0
"900",0.164982556987375,0.153846153846154,0.134211152534306,0.014,0.164982556987375,0
"901",0.178776999773386,0.331597222222222,0.331597222222222,0.076,0.331597222222222,1
"902",0.0247515513348745,0.178674351585014,0.134211152534306,0.008,0.178674351585014,0
"903",0.116289952386386,0.107692307692308,0.134211152534306,0.01,0.134211152534306,0
"904",0.0790435061980788,0.0559686888454012,0.134211152534306,0.006,0.134211152534306,0
"905",0.117047879689952,0.0559686888454012,0.134211152534306,0.006,0.134211152534306,0
"906",0.144023180754119,0.195714285714286,0.134211152534306,0.018,0.195714285714286,0
"907",0.622650330473879,0.662076271186441,0.806779661016949,0.852,0.852,1
"908",0.127741699524741,0.0559686888454012,0.134211152534306,0.01,0.134211152534306,0
"909",0.0831375278618346,0.0559686888454012,0.134211152534306,0.004,0.134211152534306,0
"910",0.228615059142808,0.178674351585014,0.134211152534306,0.018,0.228615059142808,0
"911",0.609610895176246,0.662076271186441,0.687426556991774,0.968,0.968,1
"912",0.124844310786327,0.0559686888454012,0.134211152534306,0.012,0.134211152534306,0
"913",0.100134437838313,0.0559686888454012,0.134211152534306,0.004,0.134211152534306,0
"914",0.0332131969226308,0.0938697318007663,0.134211152534306,0.006,0.134211152534306,0
"915",0.383721440596519,0.331597222222222,0.331597222222222,0.142,0.383721440596519,1
"916",0.146884468857656,0.153846153846154,0.134211152534306,0.032,0.153846153846154,0
"917",0.628565545834869,0.662076271186441,0.687426556991774,0.946,0.946,1
"918",0.222747621497606,0.331597222222222,0.331597222222222,0.056,0.331597222222222,1
"919",0.124313262969942,0.153846153846154,0.134211152534306,0.032,0.153846153846154,0
"920",0.248112510014746,0.280701754385965,0.134211152534306,0.018,0.280701754385965,1
"921",0.124116386518442,0.153846153846154,0.134211152534306,0.018,0.153846153846154,0
"922",0.0994555819913395,0.0559686888454012,0.134211152534306,0.01,0.134211152534306,0
"923",0.144052603906455,0.23644251626898,0.134211152534306,0.018,0.23644251626898,1
"924",0.122099004572794,0.153846153846154,0.134211152534306,0.03,0.153846153846154,0
"925",0.158788786529277,0.195714285714286,0.134211152534306,0.008,0.195714285714286,0
"926",0.118080820293278,0.0559686888454012,0.134211152534306,0.014,0.134211152534306,0
"927",0.114438565987125,0.153846153846154,0.134211152534306,0.032,0.153846153846154,0
"928",0.0787579826746472,0.0559686888454012,0.134211152534306,0.006,0.134211152534306,0
"929",0.111136950379226,0.104321907600596,0.134211152534306,0.032,0.134211152534306,0
"930",0.113650993850589,0.107692307692308,0.134211152534306,0.01,0.134211152534306,0
"931",0.306290747315069,0.522202486678508,0.657894736842105,0.592,0.657894736842105,1
"932",0.426325568433553,0.454545454545455,0.363636363636364,0.476,0.476,1
"933",0.158174764955504,0.280701754385965,0.134211152534306,0.03,0.280701754385965,1
"934",0.423486018719567,0.662076271186441,0.687426556991774,0.822,0.822,1
"935",0.117080633810963,0.0559686888454012,0.134211152534306,0.014,0.134211152534306,0
"936",0.111688059204422,0.107692307692308,0.134211152534306,0.014,0.134211152534306,0
"937",0.0914918848211791,0.0938697318007663,0.134211152534306,0.006,0.134211152534306,0
"938",0.13106117167622,0.195714285714286,0.134211152534306,0.01,0.195714285714286,0
"939",0.144447212017307,0.153846153846154,0.134211152534306,0.03,0.153846153846154,0
"940",0.137511419707662,0.0938697318007663,0.134211152534306,0.004,0.137511419707662,0
"941",0.878431565228624,0.7872,0.806779661016949,0.984,0.984,1
"942",0.177168601452936,0.178674351585014,0.134211152534306,0.022,0.178674351585014,0
"943",0.298921141136611,0.0938697318007663,0.134211152534306,0.006,0.298921141136611,1
"944",0.228144953861327,0.178674351585014,0.134211152534306,0.038,0.228144953861327,0
"945",0.131506450360487,0.0559686888454012,0.134211152534306,0.01,0.134211152534306,0
"946",0.132381378892202,0.153846153846154,0.134211152534306,0.026,0.153846153846154,0
"947",0.118831631021435,0.153846153846154,0.134211152534306,0.022,0.153846153846154,0
"948",0.186906230009082,0.178674351585014,0.134211152534306,0.02,0.186906230009082,0
"949",0.12026404211474,0.0559686888454012,0.134211152534306,0.014,0.134211152534306,0
"950",0.114214994475286,0.104321907600596,0.134211152534306,0.032,0.134211152534306,0
"951",0.425052971571805,0.331597222222222,0.331597222222222,0.282,0.425052971571805,1
"952",0.118972440270777,0.153846153846154,0.134211152534306,0.026,0.153846153846154,0
"953",0.140103468419411,0.0938697318007663,0.134211152534306,0.016,0.140103468419411,0
"954",0.0962875522313276,0.107692307692308,0.134211152534306,0.004,0.134211152534306,0
"955",0.116544087623777,0.153846153846154,0.134211152534306,0.012,0.153846153846154,0
"956",0.803293467954246,0.662076271186441,0.687426556991774,0.728,0.803293467954246,1
"957",0.181713417500387,0.23644251626898,0.134211152534306,0.01,0.23644251626898,1
"958",0.0302359189229563,0.107692307692308,0.134211152534306,0.01,0.134211152534306,0
"959",0.14657598571731,0.0938697318007663,0.134211152534306,0.004,0.14657598571731,0
"960",0.100741060149473,0.280701754385965,0.134211152534306,0.036,0.280701754385965,1
"961",0.161992195171935,0.195714285714286,0.134211152534306,0.01,0.195714285714286,0
"962",0.106978799068385,0.0938697318007663,0.134211152534306,0.004,0.134211152534306,0
"963",0.155861263107348,0.178674351585014,0.134211152534306,0.032,0.178674351585014,0
"964",0.0975421962829722,0.153846153846154,0.134211152534306,0.02,0.153846153846154,0
"965",0.133130376977174,0.0938697318007663,0.134211152534306,0.006,0.134211152534306,0
"966",0.163094618968304,0.331597222222222,0.331597222222222,0.072,0.331597222222222,1
"967",0.190587445560063,0.195714285714286,0.134211152534306,0.01,0.195714285714286,0
"968",0.35246983759928,0.522202486678508,0.587155963302752,0.708,0.708,1
"969",0.00719262440267042,0.0938697318007663,0.134211152534306,0.004,0.134211152534306,0
"970",0.728218710190494,0.522202486678508,0.702290076335878,0.604,0.728218710190494,1
"971",0.282874625898339,0.195714285714286,0.134211152534306,0.036,0.282874625898339,1
"972",0.676803820404485,0.662076271186441,0.1875,0.894,0.894,1
"973",0.183476843016377,0.0559686888454012,0.134211152534306,0.008,0.183476843016377,0
"974",0.124115617707064,0.153846153846154,0.134211152534306,0.032,0.153846153846154,0
"975",0.152653121785583,0.104321907600596,0.134211152534306,0.026,0.152653121785583,0
"976",0.761408205659101,0.522202486678508,0.587155963302752,0.836,0.836,1
"977",0.196204383152339,0.0938697318007663,0.134211152534306,0.02,0.196204383152339,0
"978",0.131051559337889,0.153846153846154,0.134211152534306,0.014,0.153846153846154,0
"979",0.138010097989724,0.153846153846154,0.134211152534306,0.028,0.153846153846154,0
"980",0.0346904036050185,0.0938697318007663,0.134211152534306,0.012,0.134211152534306,0
"981",0.366420463952532,0.331597222222222,0.331597222222222,0.262,0.366420463952532,1
"982",0.0816164975986646,0.0559686888454012,0.134211152534306,0.008,0.134211152534306,0
"983",0.203490688262208,0.280701754385965,0.134211152534306,0.01,0.280701754385965,1
"984",0.0689376728415478,0.0559686888454012,0.134211152534306,0.004,0.134211152534306,0
"985",0.233496040576284,0.23644251626898,0.134211152534306,0.004,0.23644251626898,1
"986",0.113182939992565,0.0559686888454012,0.134211152534306,0.01,0.134211152534306,0
"987",0.542110217574754,0.662076271186441,0.687426556991774,0.908,0.908,1
"988",0.157180275449763,0.0938697318007663,0.134211152534306,0.008,0.157180275449763,0
"989",0.365426851201282,0.522202486678508,0.587155963302752,0.632,0.632,1
"990",0.879691283893506,0.7872,0.806779661016949,0.98,0.98,1
"991",0.146391757337681,0.195714285714286,0.134211152534306,0.004,0.195714285714286,0
"992",0.704023793174209,0.662076271186441,0.687426556991774,0.944,0.944,1
"993",0.0764579299966068,0.107692307692308,0.134211152534306,0.006,0.134211152534306,0
"994",0.186280108588423,0.178674351585014,0.134211152534306,0.02,0.186280108588423,0
"995",0.123763689994626,0.107692307692308,0.134211152534306,0.01,0.134211152534306,0
"996",0.090727961665387,0.0938697318007663,0.134211152534306,0.006,0.134211152534306,0
"997",0.685183934445426,0.662076271186441,0.687426556991774,0.972,0.972,1
"998",0.648708011438951,0.7872,0.687426556991774,0.958,0.958,1
"999",0.12765779507294,0.107692307692308,0.134211152534306,0.006,0.134211152534306,0
"1000",0.123680481170926,0.178674351585014,0.134211152534306,0.014,0.178674351585014,0
